treatment_group,user_name,user_avatar,agent_name,agent_avatar,hidden_prompt,user_task_description,user_pre_questions,user_post_questions
1,User,user_avatar_01.png,Alex,agent_avatar_1.png,Prompt_Leading.txt,task_writing_a.html,demographics;prior_skill,satisfaction_writing;manipcheck_writing;attention;comments
2,User,user_avatar_01.png,Alex,agent_avatar_1.png,Prompt_Listening.txt,task_writing_a.html,demographics;prior_skill,satisfaction_writing;manipcheck_writing;attention;comments
3,User,user_avatar_01.png,Alex,agent_avatar_1.png,Prompt_Leading.txt,task_writing_b.html,demographics;prior_skill,satisfaction_writing;manipcheck_writing;attention;comments
4,User,user_avatar_01.png,Alex,agent_avatar_1.png,Prompt_Listening.txt,task_writing_b.html,demographics;prior_skill,satisfaction_writing;manipcheck_writing;attention;comments
5,User,user_avatar_01.png,Alex,agent_avatar_1.png,Prompt_Leading.txt,task_writing_c.html,demographics;prior_skill,satisfaction_writing;manipcheck_writing;attention;comments
6,User,user_avatar_01.png,Alex,agent_avatar_1.png,Prompt_Listening.txt,task_writing_c.html,demographics;prior_skill,satisfaction_writing;manipcheck_writing;attention;comments
7,User,user_avatar_01.png,Alex,agent_avatar_1.png,Prompt_Leading.txt,task_writing_d.html,demographics;prior_skill,satisfaction_writing;manipcheck_writing;attention;comments
8,User,user_avatar_01.png,Alex,agent_avatar_1.png,Prompt_Listening.txt,task_writing_d.html,demographics;prior_skill,satisfaction_writing;manipcheck_writing;attention;comments
9,User,user_avatar_01.png,Alex,agent_avatar_1.png,Prompt_Leading.txt,task_coding.html,demographics;prior_skill,satisfaction_coding;manipcheck_coding;attention;comments
10,User,user_avatar_01.png,Alex,agent_avatar_1.png,Prompt_Listening.txt,task_coding.html,demographics;prior_skill,satisfaction_coding;manipcheck_coding;attention;comments
11,User,user_avatar_01.png,Alex,agent_avatar_1.png,Prompt_Leading.txt,task_coding.html,demographics;prior_skill,satisfaction_coding;manipcheck_coding;attention;comments
12,User,user_avatar_01.png,Alex,agent_avatar_1.png,Prompt_Listening.txt,task_coding.html,demographics;prior_skill,satisfaction_coding;manipcheck_coding;attention;comments
13,User,user_avatar_01.png,Alex,agent_avatar_1.png,Prompt_Leading.txt,task_coding.html,demographics;prior_skill,satisfaction_coding;manipcheck_coding;attention;comments
14,User,user_avatar_01.png,Alex,agent_avatar_1.png,Prompt_Listening.txt,task_coding.html,demographics;prior_skill,satisfaction_coding;manipcheck_coding;attention;comments
15,User,user_avatar_01.png,Alex,agent_avatar_1.png,Prompt_Leading.txt,task_coding.html,demographics;prior_skill,satisfaction_coding;manipcheck_coding;attention;comments
16,User,user_avatar_01.png,Alex,agent_avatar_1.png,Prompt_Listening.txt,task_coding.html,demographics;prior_skill,satisfaction_coding;manipcheck_coding;attention;comments
17,User,user_avatar_01.png,Alex,agent_avatar_1.png,Prompt_Leading.txt,task_design.html,demographics;prior_skill,satisfaction_design;manipcheck_design;attention;comments
18,User,user_avatar_01.png,Alex,agent_avatar_1.png,Prompt_Listening.txt,task_design.html,demographics;prior_skill,satisfaction_design;manipcheck_design;attention;comments
19,User,user_avatar_01.png,Alex,agent_avatar_1.png,Prompt_Leading.txt,task_design.html,demographics;prior_skill,satisfaction_design;manipcheck_design;attention;comments
20,User,user_avatar_01.png,Alex,agent_avatar_1.png,Prompt_Listening.txt,task_design.html,demographics;prior_skill,satisfaction_design;manipcheck_design;attention;comments
21,User,user_avatar_01.png,Alex,agent_avatar_1.png,Prompt_Leading.txt,task_design.html,demographics;prior_skill,satisfaction_design;manipcheck_design;attention;comments
22,User,user_avatar_01.png,Alex,agent_avatar_1.png,Prompt_Listening.txt,task_design.html,demographics;prior_skill,satisfaction_design;manipcheck_design;attention;comments
23,User,user_avatar_01.png,Alex,agent_avatar_1.png,Prompt_Leading.txt,task_design.html,demographics;prior_skill,satisfaction_design;manipcheck_design;attention;comments
24,User,user_avatar_01.png,Alex,agent_avatar_1.png,Prompt_Listening.txt,task_design.html,demographics;prior_skill,satisfaction_design;manipcheck_design;attention;comments
